{"loss": [0.42607882618904114, 0.36649078130722046, 0.3161422312259674, 0.2747071385383606, 0.24983522295951843, 0.23671701550483704, 0.22840644419193268, 0.22083114087581635, 0.21332259476184845, 0.20540884137153625, 0.19763772189617157, 0.19036100804805756, 0.1833435595035553, 0.17709210515022278, 0.17215637862682343, 0.16616827249526978, 0.16065160930156708, 0.15480248630046844, 0.14935334026813507, 0.1442747265100479, 0.13993485271930695, 0.13546256721019745, 0.13187986612319946, 0.12969394028186798, 0.12692461907863617, 0.12498264014720917, 0.12374395877122879, 0.12312881648540497, 0.1222153753042221, 0.12191285192966461, 0.12178737670183182, 0.12146592140197754, 0.12066174298524857, 0.12003649026155472, 0.11943242698907852, 0.11900857836008072, 0.11827857792377472, 0.11798793077468872, 0.11699995398521423, 0.11668825894594193, 0.11609825491905212, 0.11592407524585724, 0.11587588489055634, 0.11529334634542465, 0.11406348645687103, 0.11440804600715637, 0.11436860263347626, 0.1129993423819542, 0.11254230886697769, 0.11233169585466385, 0.11153888702392578, 0.11127934604883194, 0.11082793027162552, 0.11013815551996231, 0.11004219204187393, 0.1100943312048912, 0.10911169648170471, 0.10775531828403473, 0.10745310038328171, 0.1072782650589943, 0.10657723248004913, 0.10591568797826767, 0.1055704802274704, 0.10545283555984497, 0.10468318313360214, 0.1052682027220726, 0.10423813760280609, 0.10286456346511841, 0.10273555666208267, 0.10152889043092728, 0.1017824187874794, 0.10051552206277847, 0.09986193478107452, 0.09950481355190277, 0.09925533086061478, 0.09831389039754868, 0.09735770523548126, 0.09689971804618835, 0.09599912166595459, 0.0953899472951889, 0.09599192440509796, 0.09501095861196518, 0.09395346790552139, 0.09405636042356491, 0.09346869587898254, 0.09123162180185318, 0.09047253429889679, 0.08950729668140411, 0.0888771340250969, 0.08853330463171005, 0.08800695091485977, 0.08722963184118271, 0.08700894564390182, 0.08613668382167816, 0.08550331741571426, 0.08505035936832428, 0.08476591855287552, 0.08441711217164993, 0.08514788001775742, 0.08435887098312378], "val_loss": [0.4035530686378479, 0.3645426630973816, 0.33370280265808105, 0.3151530921459198, 0.31150490045547485, 0.3070387542247772, 0.29646238684654236, 0.28650957345962524, 0.27631109952926636, 0.26682883501052856, 0.25589004158973694, 0.2457956075668335, 0.23539185523986816, 0.22716358304023743, 0.22150884568691254, 0.21296243369579315, 0.21078354120254517, 0.2028636336326599, 0.19956475496292114, 0.1981375813484192, 0.19226998090744019, 0.19243639707565308, 0.1901451051235199, 0.1911805123090744, 0.18853439390659332, 0.1856951117515564, 0.19405163824558258, 0.18660418689250946, 0.18872585892677307, 0.18443939089775085, 0.18835170567035675, 0.18545114994049072, 0.18207307159900665, 0.18907791376113892, 0.1824006885290146, 0.18645113706588745, 0.1816445142030716, 0.18206939101219177, 0.18498457968235016, 0.18400529026985168, 0.17588143050670624, 0.18255169689655304, 0.17700077593326569, 0.17833752930164337, 0.1749678999185562, 0.17390944063663483, 0.17015914618968964, 0.18089748919010162, 0.1750572919845581, 0.1793443113565445, 0.17249122262001038, 0.18135672807693481, 0.16955611109733582, 0.17563846707344055, 0.17263828217983246, 0.17063090205192566, 0.17131641507148743, 0.1674163043498993, 0.1708359271287918, 0.16818805038928986, 0.1682925522327423, 0.16418705880641937, 0.16785752773284912, 0.15865540504455566, 0.17138360440731049, 0.15864792466163635, 0.16306982934474945, 0.15941709280014038, 0.16525985300540924, 0.1547841876745224, 0.1618364304304123, 0.1561819314956665, 0.16092927753925323, 0.1551031917333603, 0.15146227180957794, 0.15225087106227875, 0.1517033576965332, 0.1509459912776947, 0.15220943093299866, 0.14556527137756348, 0.15343953669071198, 0.14460696280002594, 0.1542239636182785, 0.13673488795757294, 0.15084423124790192, 0.140794038772583, 0.14234299957752228, 0.1381760984659195, 0.14191564917564392, 0.1361132115125656, 0.1353638619184494, 0.13616132736206055, 0.1398932784795761, 0.13048101961612701, 0.1350121647119522, 0.12994948029518127, 0.12827551364898682, 0.13299089670181274, 0.1325492411851883, 0.1250716596841812]}