{"loss": [0.45042628049850464, 0.4150914251804352, 0.38518720865249634, 0.3572773039340973, 0.3327721953392029, 0.3099128007888794, 0.2914952337741852, 0.27535393834114075, 0.26463571190834045, 0.25501662492752075, 0.24882285296916962, 0.24261945486068726, 0.23713688552379608, 0.23190978169441223, 0.22661492228507996, 0.22176989912986755, 0.21668440103530884, 0.21175453066825867, 0.20688287913799286, 0.2019626796245575, 0.197463721036911, 0.1930895894765854, 0.18857838213443756, 0.18491876125335693, 0.18112652003765106, 0.17761339247226715, 0.17436638474464417, 0.171371191740036, 0.16822382807731628, 0.16540241241455078, 0.16242121160030365, 0.15942367911338806, 0.15687021613121033, 0.15378686785697937, 0.15109984576702118, 0.14833000302314758, 0.14556892216205597, 0.1429813653230667, 0.14093749225139618, 0.13840320706367493, 0.13638274371623993, 0.13427960872650146, 0.13261255621910095, 0.13104481995105743, 0.12958641350269318, 0.12846606969833374, 0.12762172520160675, 0.12643297016620636, 0.12586277723312378, 0.12535247206687927, 0.12445177137851715, 0.12398145347833633, 0.12357741594314575, 0.12312895804643631, 0.12303080409765244, 0.12231488525867462, 0.12189628928899765, 0.12139703333377838, 0.1213754415512085, 0.12100068479776382, 0.12044811248779297, 0.12020816653966904, 0.11989131569862366, 0.1195882186293602, 0.11929567158222198, 0.11872390657663345, 0.1185000017285347, 0.11805344372987747, 0.11832011491060257, 0.11762624979019165, 0.11736517399549484, 0.11663351207971573, 0.11651984602212906, 0.11625885963439941, 0.11576524376869202, 0.11542560160160065, 0.11539630591869354, 0.11510369181632996, 0.1148671880364418, 0.1143350824713707, 0.11378616094589233, 0.11345737427473068, 0.11363726854324341, 0.11267558485269547, 0.1126648336648941, 0.11225802451372147, 0.11191842705011368, 0.11150570958852768, 0.11120496690273285, 0.1107628121972084, 0.11166669428348541, 0.11078763753175735, 0.11011039465665817, 0.10962552577257156, 0.10878738015890121, 0.10872171819210052, 0.1085258200764656, 0.10788712650537491, 0.10742749273777008, 0.10765089094638824], "val_loss": [0.43085458874702454, 0.4059366285800934, 0.3842988610267639, 0.3660110533237457, 0.3507523238658905, 0.338698148727417, 0.32987886667251587, 0.3244241774082184, 0.3216066062450409, 0.3193694055080414, 0.3164082467556, 0.3113425076007843, 0.3057771921157837, 0.29972711205482483, 0.2931980788707733, 0.2874637246131897, 0.28114426136016846, 0.27532318234443665, 0.2692309319972992, 0.26334506273269653, 0.2580081522464752, 0.2522742450237274, 0.2458094209432602, 0.2389329969882965, 0.23409201204776764, 0.23056155443191528, 0.22734671831130981, 0.224507138133049, 0.22157058119773865, 0.21840959787368774, 0.21580855548381805, 0.21355730295181274, 0.20964929461479187, 0.21092365682125092, 0.21219702064990997, 0.20716501772403717, 0.20648342370986938, 0.2046518474817276, 0.2023487538099289, 0.2070792317390442, 0.2051902413368225, 0.2034696787595749, 0.2023693472146988, 0.20587660372257233, 0.20084255933761597, 0.2022092044353485, 0.2031514048576355, 0.2016957551240921, 0.20559361577033997, 0.19734446704387665, 0.20346400141716003, 0.20638355612754822, 0.1967197209596634, 0.1981845647096634, 0.20754563808441162, 0.19444410502910614, 0.19358618557453156, 0.19819478690624237, 0.19627417623996735, 0.19941125810146332, 0.18975839018821716, 0.19014649093151093, 0.1972515881061554, 0.19254432618618011, 0.18553251028060913, 0.1932811290025711, 0.19237259030342102, 0.18816782534122467, 0.18188397586345673, 0.19421064853668213, 0.18729770183563232, 0.1832655370235443, 0.18344180285930634, 0.18874648213386536, 0.1853034347295761, 0.18159249424934387, 0.18463528156280518, 0.18716752529144287, 0.17667929828166962, 0.1845250427722931, 0.18424898386001587, 0.17947126924991608, 0.17835868895053864, 0.18589256703853607, 0.1801573932170868, 0.17660096287727356, 0.18180134892463684, 0.17757141590118408, 0.176993265748024, 0.17948748171329498, 0.18087062239646912, 0.16770817339420319, 0.1782824695110321, 0.18209829926490784, 0.17239710688591003, 0.17120225727558136, 0.1746799647808075, 0.17827092111110687, 0.17148418724536896, 0.1697719693183899]}