{"loss": [0.1001698300242424, 0.06714712083339691, 0.057653628289699554, 0.04617602750658989, 0.03880758211016655, 0.03637496754527092, 0.033070530742406845, 0.030861997976899147, 0.031670890748500824, 0.032922983169555664, 0.03300459310412407, 0.03062518686056137, 0.0287742018699646, 0.028354205191135406, 0.028045417740941048, 0.027584049850702286, 0.02739928476512432, 0.026761630550026894, 0.026505427435040474, 0.026990463957190514, 0.025835731998085976, 0.025417396798729897, 0.025572985410690308, 0.025766344740986824, 0.02422947622835636, 0.024164171889424324, 0.024291496723890305, 0.02270984649658203, 0.02138477936387062, 0.02158982679247856, 0.01992235891520977, 0.01910950429737568, 0.018117861822247505, 0.01741381548345089, 0.01697000488638878, 0.016587620601058006, 0.017406074330210686, 0.01655048504471779, 0.0161601509898901, 0.014736131764948368, 0.014445261098444462, 0.014233758673071861, 0.013198740780353546, 0.01227708999067545, 0.013377665542066097, 0.01454109139740467, 0.013484710827469826, 0.013355698436498642, 0.012282784096896648, 0.013076364062726498, 0.012565319426357746, 0.012537228874862194, 0.012624655850231647, 0.01167538482695818, 0.011686946265399456, 0.013915780000388622, 0.012593023478984833, 0.011803867295384407, 0.01190459169447422, 0.011963038705289364, 0.01187931653112173, 0.011450604535639286, 0.01231011189520359, 0.012734862975776196, 0.012666121125221252, 0.012678012251853943, 0.011682800948619843, 0.01112025510519743, 0.011186971329152584, 0.01178639754652977, 0.011323844082653522, 0.01226036623120308, 0.01208411157131195, 0.012044225819408894, 0.011365290731191635, 0.011292187497019768, 0.010910676792263985, 0.01122735720127821, 0.011213203892111778, 0.011930647306144238, 0.011903945356607437, 0.0113536287099123, 0.011699922382831573, 0.011156848631799221, 0.011708620935678482, 0.01115409005433321, 0.011058378033339977, 0.011046142317354679, 0.011490518227219582, 0.011064192280173302, 0.01114414818584919, 0.01087824534624815, 0.011038045398890972, 0.011204160749912262, 0.011111317202448845, 0.011008807457983494, 0.011361700482666492, 0.010806569829583168, 0.010783412493765354, 0.011481665074825287], "val_loss": [0.09666935354471207, 0.08293822407722473, 0.06775131076574326, 0.05130748450756073, 0.043485138565301895, 0.04083774983882904, 0.03935332968831062, 0.0432734340429306, 0.03772726655006409, 0.03807878494262695, 0.03783391788601875, 0.03743254765868187, 0.03683408349752426, 0.0363609679043293, 0.03764389082789421, 0.03827391937375069, 0.035729680210351944, 0.035772163420915604, 0.03512551262974739, 0.03379854932427406, 0.03408443182706833, 0.03265664726495743, 0.03341464698314667, 0.031205398961901665, 0.03136701136827469, 0.030286842957139015, 0.028453785926103592, 0.03091473877429962, 0.030623670667409897, 0.025842640548944473, 0.02487993612885475, 0.02496977150440216, 0.02242136560380459, 0.02111857756972313, 0.02177039347589016, 0.02086085081100464, 0.022516373544931412, 0.0212139543145895, 0.01925010047852993, 0.01863846555352211, 0.019037121906876564, 0.018332606181502342, 0.015361105091869831, 0.013989431783556938, 0.014908724464476109, 0.01480068452656269, 0.018815450370311737, 0.014386938884854317, 0.01563899777829647, 0.016810912638902664, 0.013779408298432827, 0.013146313838660717, 0.012803101912140846, 0.013466497883200645, 0.018275383859872818, 0.016484543681144714, 0.012691565789282322, 0.01327049732208252, 0.015193640254437923, 0.013707979582250118, 0.012781914323568344, 0.01377814169973135, 0.013964305631816387, 0.014445655979216099, 0.01645861193537712, 0.012507658451795578, 0.013568035326898098, 0.012835760600864887, 0.011913967318832874, 0.013572486117482185, 0.01475244015455246, 0.014045092277228832, 0.01262176875025034, 0.015058420598506927, 0.012561707757413387, 0.01231287233531475, 0.013323803432285786, 0.012275997549295425, 0.012799980118870735, 0.015442981384694576, 0.013305447064340115, 0.012779586017131805, 0.012626728974282742, 0.012358976528048515, 0.014169680885970592, 0.012673751451075077, 0.012645058333873749, 0.01404175441712141, 0.012103263288736343, 0.012775587849318981, 0.0130911311134696, 0.01252290140837431, 0.013727979734539986, 0.012408874928951263, 0.012730909511446953, 0.0137202562764287, 0.01224325131624937, 0.011917000636458397, 0.012981606647372246, 0.012082181870937347]}